Type,Buy Amount,Buy Cur.,Sell Amount,Sell Cur.,Fee Amount,Fee Cur.,Exchange,Trade Group,Comment,Date
Deposit,2.100000,ALGO,,,,,WLWW...3UFI,,NHNGOWC7CB7VV4UV2Y7YMP2O5UTBPPR4PCKS346OQIE4BAS3ETCA,2022-01-11 08:43:34
Spend,,,.001000,ALGO,,,WLWW...3UFI,Network Operation Fees,ZSH5VT7UU4CYC4VIUW3H463ZQBNABJRLOTMGNBC3O5LPM2MWYBVA,2022-01-11 15:13:37
Staking,.000020,ALGO,,,,,WLWW...3UFI,Participation Rewards,R- T-ZSH5VT7UU4CYC4VIUW3H463ZQBNABJRLOTMGNBC3O5LPM2MWYBVA,2022-01-11 15:13:37
Spend,,,.001000,ALGO,,,WLWW...3UFI,Network Operation Fees,X46WIIOMSR7HWJSR7I4UII5TI4OGXQXXLRIPCDOTAW73GOEBLRCQ,2022-01-11 17:57:09
Staking,.000008,ALGO,,,,,WLWW...3UFI,Participation Rewards,R- T-X46WIIOMSR7HWJSR7I4UII5TI4OGXQXXLRIPCDOTAW73GOEBLRCQ,2022-01-11 17:57:09
Spend,,,.001000,ALGO,,,WLWW...3UFI,Network Operation Fees,GXFVVBXUZCT4NKADCPX6BQXOO34VZRHTADZQLTMKYKBD5ISLFT3Q,2022-01-12 14:51:43
Staking,.000058,ALGO,,,,,WLWW...3UFI,Participation Rewards,R- T-GXFVVBXUZCT4NKADCPX6BQXOO34VZRHTADZQLTMKYKBD5ISLFT3Q,2022-01-12 14:51:43
Spend,,,.001000,ALGO,,,WLWW...3UFI,Network Operation Fees,TH3AEIM322AOT3FVRLMZY7KHLKMMJE4ISV3VWREGVBMCSV5AYQCA,2022-04-10 18:36:16
Staking,.002422,ALGO,,,,,WLWW...3UFI,Participation Rewards,R- T-TH3AEIM322AOT3FVRLMZY7KHLKMMJE4ISV3VWREGVBMCSV5AYQCA,2022-04-10 18:36:16
Spend,,,.001000,ALGO,,,WLWW...3UFI,Network Operation Fees,T34MZOC7FUDWLUFJX5GTUUII2SRVMNDH6CLPSOQHF7EZU2VUOUXA,2022-04-10 18:37:52
Spend,,,.001000,ALGO,,,WLWW...3UFI,Network Operation Fees,56CHCWJQBXCOAUEGX2QWJJ2Z7NSNSETXEDW3CKRXKNWRS3ICWMXQ,2022-04-17 11:33:50
Staking,.000024,ALGO,,,,,WLWW...3UFI,Participation Rewards,R- T-56CHCWJQBXCOAUEGX2QWJJ2Z7NSNSETXEDW3CKRXKNWRS3ICWMXQ,2022-04-17 11:33:50
Deposit,2.000000,ALGO,,,,,WLWW...3UFI,,P27VWJ6ARFQON7CU5GOU7EYVYJXGEC4CRYKPXTKRVPK6CZOJMYIQ,2022-05-10 04:03:24
Staking,.000076,ALGO,,,,,WLWW...3UFI,Participation Rewards,R- T-P27VWJ6ARFQON7CU5GOU7EYVYJXGEC4CRYKPXTKRVPK6CZOJMYIQ,2022-05-10 04:03:24
Withdrawal,,,2.000000,ALGO,.001000,ALGO,WLWW...3UFI,,5YRZ6AWHPX6LENKQ5J4KV7F3UCQ757VPHPRW76SIWFB2QWKV74IA,2022-06-04 18:31:39
Staking,.000028,ALGO,,,,,WLWW...3UFI,Participation Rewards,R- T-5YRZ6AWHPX6LENKQ5J4KV7F3UCQ757VPHPRW76SIWFB2QWKV74IA,2022-06-04 18:31:39
Deposit,5.000000,ALGO,,,,,WLWW...3UFI,,J5WOHAQ2N3JAZRCBZ5J5JJIVRS6EQTCP6EM27TPEXHI6M2R6WN3A,2022-06-04 18:41:12
Spend,,,.001000,ALGO,,,WLWW...3UFI,Network Operation Fees,BOI777TTQBSXG5L6ZGFSA75YTYAT7BOAAFKSDQWBZVWDRUZYW7UQ,2022-06-04 18:43:18
Spend,,,.001000,ALGO,,,WLWW...3UFI,Network Operation Fees,U7XX76PMWENSTVGRN5NNDVBS3Q4Z27KJSYUBCKFUGQMQVQ7HPMLA,2022-06-04 18:44:32
Trade,35.839644,YLDY,.100000,ALGO,0.10784245937813353,YLDY,WLWW...3UFI,Tinyman: Trade,TF+8biA9fNL+fyUBWRO9/FHGZDrFUH6aGV9s8RKuywM=,2022-06-04 18:45:11
Spend,,,0.004,ALGO,,,WLWW...3UFI,Summed Group Network Fees,F-TF+8biA9fNL+fyUBWRO9/FHGZDrFUH6aGV9s8RKuywM=,2022-06-04 18:45:11
Deposit,.362016,YLDY,,,,,WLWW...3UFI,Tinyman: Pooled Slippage,jUNkiYamV7ORp9DbhTcS25DOtMQSkomV7rkna1q538o=,2022-06-04 18:45:33
Spend,,,0.003,ALGO,,,WLWW...3UFI,Summed Group Network Fees,F-jUNkiYamV7ORp9DbhTcS25DOtMQSkomV7rkna1q538o=,2022-06-04 18:45:33
Spend,,,.001000,ALGO,,,WLWW...3UFI,Network Operation Fees,4IG4DB753EBCYWQY7CO4ROZYRMSOK3ZPGAFJHGQLX2AGF4S3CEAA,2022-06-04 18:45:54
Trade,0.7379745,TMPOOL11,36.201657,YLDY,,,WLWW...3UFI,Tinyman: LP Mint,B0KSTQ5lJ2G4Zjzd/K1fJgSPg62BNO/jWs78wjkQeMc=,2022-06-04 18:46:20
Trade,0.7379745,TMPOOL11,.099700,ALGO,,,WLWW...3UFI,Tinyman: LP Mint,B0KSTQ5lJ2G4Zjzd/K1fJgSPg62BNO/jWs78wjkQeMc=,2022-06-04 18:46:20
Spend,,,0.005,ALGO,,,WLWW...3UFI,Summed Group Network Fees,F-B0KSTQ5lJ2G4Zjzd/K1fJgSPg62BNO/jWs78wjkQeMc=,2022-06-04 18:46:20
Deposit,.014909,TMPOOL11,,,,,WLWW...3UFI,Tinyman: Pooled Slippage,CQE9QtLKS9a6oJr/z70qOyY/NnTCOKTnvI8FM228oyk=,2022-06-04 18:46:38
Spend,,,0.003,ALGO,,,WLWW...3UFI,Summed Group Network Fees,F-CQE9QtLKS9a6oJr/z70qOyY/NnTCOKTnvI8FM228oyk=,2022-06-04 18:46:38
Trade,8.033230,goMINT,1.000000,ALGO,,,WLWW...3UFI,Pact: Fixed Input,+NfRRdfhExu91LWo0fi++PTYwWqMyQ9w+aAz7G5USkQ=,2022-06-04 18:50:45
Spend,,,0.004,ALGO,,,WLWW...3UFI,Summed Group Network Fees,F-+NfRRdfhExu91LWo0fi++PTYwWqMyQ9w+aAz7G5USkQ=,2022-06-04 18:50:45
Trade,1.409847,AF-POOL,8.03323,goMINT,,,WLWW...3UFI,AlgoFi: Zap,s0Nsmh2bXt5LLrGE1836o42wmz1fJ2sTXwrpVqohKT4=,2022-06-04 18:54:09
Deposit,.001255,ALGO,,,,,WLWW...3UFI,AlgoFi: Zap Slippage,I- G-s0Nsmh2bXt5L...   T-MYOKMNR7MW2T...,2022-06-04 18:54:09
Spend,,,0.011000000000000003,ALGO,,,WLWW...3UFI,Summed Group Network Fees,F-s0Nsmh2bXt5LLrGE1836o42wmz1fJ2sTXwrpVqohKT4=,2022-06-04 18:54:09
Trade,98.578469,ALGX,1.380000,ALGO,,,WLWW...3UFI,AlgoDex: Take Order,PSUxDR0kvSxvaKhj5eMrNR39GxNyOECD4FM4D8Q7ZOg=,2022-06-04 19:03:39
Spend,,,0.005,ALGO,,,WLWW...3UFI,Summed Group Network Fees,F-PSUxDR0kvSxvaKhj5eMrNR39GxNyOECD4FM4D8Q7ZOg=,2022-06-04 19:03:39
Trade,.117542,ALGO,8.578469,ALGX,,,WLWW...3UFI,AlgoDex: Take Order,6D8naC2Lh6hrv0OFPtHcPQ9/2WHcUjbOui4YLWldebc=,2022-06-04 19:07:08
Spend,,,0.004,ALGO,,,WLWW...3UFI,Summed Group Network Fees,F-6D8naC2Lh6hrv0OFPtHcPQ9/2WHcUjbOui4YLWldebc=,2022-06-04 19:07:08
Trade,100.00,STKE,1.377212,ALGO,,,WLWW...3UFI,AlgoFi: Fixed Output,jg9BGWTOnwdai2wSPAEdQguJUb2Hi4aEUXQ2NaLGYfE=,2022-06-04 19:11:41
Deposit,.006849,ALGO,,,,,WLWW...3UFI,AlgoFi: Trade Slippage,I- G-jg9BGWTOnwda...   T-FJAPMFHW445U...,2022-06-04 19:11:41
Spend,,,0.006,ALGO,,,WLWW...3UFI,Summed Group Network Fees,F-jg9BGWTOnwdai2wSPAEdQguJUb2Hi4aEUXQ2NaLGYfE=,2022-06-04 19:11:41
Spend,,,.001000,ALGO,,,WLWW...3UFI,Network Operation Fees,MUYYD6Z3DIBP74OUEX7WKUMKAN2NXPW4TXT72NQVY3TEIDGJCOOA,2022-06-04 19:13:08
Withdrawal,,,.500000,ALGO,,,WLWW...3UFI,AlgoDex: Make Order,Z/Q0Un0KkhZL7D8T5E7/uAxhBisAiAWBdhmX+j+dTk0=,2022-06-05 09:21:19
Deposit,.500000,ALGO,,,,,AlgoDex - Escrow,AlgoDex: Make Order,Z/Q0Un0KkhZL7D8T5E7/uAxhBisAiAWBdhmX+j+dTk0=,2022-06-05 09:21:19
Withdrawal,,,10.000000,ALGX,,,WLWW...3UFI,AlgoDex: Make Order,Z/Q0Un0KkhZL7D8T5E7/uAxhBisAiAWBdhmX+j+dTk0=,2022-06-05 09:21:19
Deposit,10.000000,ALGX,,,,,AlgoDex - Escrow,AlgoDex: Make Order,Z/Q0Un0KkhZL7D8T5E7/uAxhBisAiAWBdhmX+j+dTk0=,2022-06-05 09:21:19
Spend,,,0.002,ALGO,,,WLWW...3UFI,Summed Group Network Fees,F-Z/Q0Un0KkhZL7D8T5E7/uAxhBisAiAWBdhmX+j+dTk0=,2022-06-05 09:21:19
Trade,.033750,ALGO,2.500000,ALGX,,,AlgoDex - Escrow,AlgoDex: Order Taken,fnNdjq1ixJ5XirWu87366s6by/CpjAz5GrT27UZbwbQ=,2022-06-05 09:30:09
Withdrawal,,,.033750,ALGO,,,AlgoDex - Escrow,AlgoDex: Order Taken,fnNdjq1ixJ5XirWu87366s6by/CpjAz5GrT27UZbwbQ=,2022-06-05 09:30:09
Deposit,.033750,ALGO,,,,,WLWW...3UFI,AlgoDex: Order Taken,fnNdjq1ixJ5XirWu87366s6by/CpjAz5GrT27UZbwbQ=,2022-06-05 09:30:09
Trade,.033750,ALGO,2.500000,ALGX,,,AlgoDex - Escrow,AlgoDex: Order Taken,6TDhzNFHafXf49d5aSaJlq0c7bpYpu+RJyvx1PlMXGc=,2022-06-05 09:30:09
Withdrawal,,,.033750,ALGO,,,AlgoDex - Escrow,AlgoDex: Order Taken,6TDhzNFHafXf49d5aSaJlq0c7bpYpu+RJyvx1PlMXGc=,2022-06-05 09:30:09
Deposit,.033750,ALGO,,,,,WLWW...3UFI,AlgoDex: Order Taken,6TDhzNFHafXf49d5aSaJlq0c7bpYpu+RJyvx1PlMXGc=,2022-06-05 09:30:09
Trade,.033750,ALGO,2.500000,ALGX,,,AlgoDex - Escrow,AlgoDex: Order Taken,HwYe5dy2P6QX4HUnKKinLtWmgvmrbwaxH7y8N62Hmvk=,2022-06-05 09:30:09
Withdrawal,,,.033750,ALGO,,,AlgoDex - Escrow,AlgoDex: Order Taken,HwYe5dy2P6QX4HUnKKinLtWmgvmrbwaxH7y8N62Hmvk=,2022-06-05 09:30:09
Deposit,.033750,ALGO,,,,,WLWW...3UFI,AlgoDex: Order Taken,HwYe5dy2P6QX4HUnKKinLtWmgvmrbwaxH7y8N62Hmvk=,2022-06-05 09:30:09
Trade,.033750,ALGO,2.500000,ALGX,,,AlgoDex - Escrow,AlgoDex: Order Taken,//NPV+zs1dBeHPLE6ccN5KsplkEVMcrt81fxGYCwgT4=,2022-06-05 09:30:09
Withdrawal,,,.033750,ALGO,,,AlgoDex - Escrow,AlgoDex: Order Taken,//NPV+zs1dBeHPLE6ccN5KsplkEVMcrt81fxGYCwgT4=,2022-06-05 09:30:09
Deposit,.033750,ALGO,,,,,WLWW...3UFI,AlgoDex: Order Taken,//NPV+zs1dBeHPLE6ccN5KsplkEVMcrt81fxGYCwgT4=,2022-06-05 09:30:09
Withdrawal,,,0.5,ALGO,0.005,ALGO,AlgoDex - Escrow,AlgoDex: Order Taken,//NPV+zs1dBeHPLE6ccN5KsplkEVMcrt81fxGYCwgT4=,2022-06-05 09:30:09
Deposit,.495000,ALGO,,,,,WLWW...3UFI,AlgoDex: Order Taken,//NPV+zs1dBeHPLE6ccN5KsplkEVMcrt81fxGYCwgT4=,2022-06-05 09:30:09
Spend,,,.001000,ALGO,,,WLWW...3UFI,Network Operation Fees,EVZUYMI4GYLP7N42JDGK4EF2BG2OV7WECX4UYGCKHYMSNKNODVUA,2022-06-05 11:39:41
Trade,1000.00000000,AFD,1.843011,ALGO,0.005529032999999961,ALGO,WLWW...3UFI,Tinyman: Trade,WHDFJQ3f1YUFDiE/2q2ZJdw+vODv6DcyMO/X0KCps3w=,2022-06-05 11:41:04
Spend,,,0.004,ALGO,,,WLWW...3UFI,Summed Group Network Fees,F-WHDFJQ3f1YUFDiE/2q2ZJdw+vODv6DcyMO/X0KCps3w=,2022-06-05 11:41:04
Deposit,.018245,ALGO,,,,,WLWW...3UFI,Tinyman: Pooled Slippage,WbqBm+YFMOlP3wN/2gcKlMX1in2f6oW2MRYnwbe0nCU=,2022-06-05 11:41:22
Spend,,,0.003,ALGO,,,WLWW...3UFI,Summed Group Network Fees,F-WbqBm+YFMOlP3wN/2gcKlMX1in2f6oW2MRYnwbe0nCU=,2022-06-05 11:41:22
Staking,2.00000000,AFD,,,,,WLWW...3UFI,The Algo Faucet,EWEX62RK4IEWBTPKI6ODW4B6WMVX2IG74EUD7E3FW7R4CLOJKQ2A,2022-06-06 09:05:41
Staking,2.00400000,AFD,,,,,WLWW...3UFI,The Algo Faucet,PFG7T6X2S2W5KUCPKOLBR56O3NVRAIXIWDY4XGXEW6K5R6NJDV3Q,2022-06-07 09:05:41
Staking,.22,STKE,,,,,WLWW...3UFI,AlgoStake,UU2BG77THAYLMHMDL473TQOE433XR5W4L6G3AYQH5L26PNZCYVBA,2022-06-08 02:11:30
Staking,2.00800800,AFD,,,,,WLWW...3UFI,The Algo Faucet,6GQD55GZNGO67YXSSLKEKXANY5OHNUXKPASRMCGRTXGFKRBHWBFA,2022-06-08 09:05:40
Staking,2.01202401,AFD,,,,,WLWW...3UFI,The Algo Faucet,XPPALEA56S4FKAGV4PMQICV3UI3RUJS44GJJQJBQ4RYLMGK24CTA,2022-06-09 09:05:37
Staking,2.01604806,AFD,,,,,WLWW...3UFI,The Algo Faucet,ARE6Y6BG47TOZY7H6IQ4XC4NWE7FOKCVNRLFDBT7ZLPCHTWRMY4A,2022-06-10 09:05:39
Deposit,14.980000,ALGO,,,,,WLWW...3UFI,,AVJYNWLHI4P56O2OAEE4MGBT3K6IFFXSHLCMGOZEA5UZG4T3ZBKA,2022-06-10 20:42:28
Spend,,,.001000,ALGO,,,WLWW...3UFI,Network Operation Fees,JH7EUJOZHCFGNS4NMDQHPHOXIG5KWTKNWQJWP4MRLDMAQGEFVGRA,2022-06-10 20:46:34
Withdrawal,,,1.490858,TMPOOL11,,,WLWW...3UFI,Yieldly: Deposit,Yy1OaYp+U8fEF1wpH9mIzSbiDM9QIomKANswEbWr6iM=,2022-06-10 20:47:34
Deposit,1.490858,TMPOOL11,,,,,Yieldly,Yieldly: Deposit,Yy1OaYp+U8fEF1wpH9mIzSbiDM9QIomKANswEbWr6iM=,2022-06-10 20:47:34
Spend,,,0.003,ALGO,,,WLWW...3UFI,Summed Group Network Fees,F-Yy1OaYp+U8fEF1wpH9mIzSbiDM9QIomKANswEbWr6iM=,2022-06-10 20:47:34
Deposit,1,3YrsALGO,,,,,WLWW...3UFI,,gamSL24VwpNp0jTB/W8CF0KjjQgEqTZDItC4laEQ25A=,2022-06-11 08:02:03
Spend,,,0.001,ALGO,,,WLWW...3UFI,Summed Group Network Fees,F-gamSL24VwpNp0jTB/W8CF0KjjQgEqTZDItC4laEQ25A=,2022-06-11 08:02:03
Staking,.022576,YLDY,,,,,WLWW...3UFI,Yieldly: Rewards,I- G-2m6T45gWSiBl...   T-K4UUP7RXMJH7...,2022-06-11 08:52:06
Spend,,,0.003,ALGO,,,WLWW...3UFI,Summed Group Network Fees,F-2m6T45gWSiBlUXzRp+AjfE+peyCWHeJgbVnW6xUnXaY=,2022-06-11 08:52:06
Spend,,,.001000,ALGO,,,WLWW...3UFI,Network Operation Fees,KAPCV232QGITTBPJ3BRONTAAYF5CIPL4JMF5LUBWZE67QLXNJVYQ,2022-06-11 08:54:07
Spend,,,.001000,ALGO,,,WLWW...3UFI,Network Operation Fees,I2FK4AVUPIBRDK2KCNQ5OH3GXP4F4GCKFINCRXKICUTPACL7VJCA,2022-06-11 08:54:24
Withdrawal,,,.022579,YLDY,,,WLWW...3UFI,Yieldly: Deposit,AWoB3R49GIHfkG8Oi3V2hdkpC3Q/HzYjDtGCpE3Ij5Q=,2022-06-11 08:55:29
Deposit,.022579,YLDY,,,,,Yieldly,Yieldly: Deposit,AWoB3R49GIHfkG8Oi3V2hdkpC3Q/HzYjDtGCpE3Ij5Q=,2022-06-11 08:55:29
Spend,,,0.003,ALGO,,,WLWW...3UFI,Summed Group Network Fees,F-AWoB3R49GIHfkG8Oi3V2hdkpC3Q/HzYjDtGCpE3Ij5Q=,2022-06-11 08:55:29
Staking,2.02008016,AFD,,,,,WLWW...3UFI,The Algo Faucet,BLHYILDRP26VBABZIZ6MHPMQNGEPZ6V55Q276LAVNFK33MA3WNEA,2022-06-11 09:05:40
Withdrawal,,,.100000,TMPOOL11,,,Yieldly,Yieldly: Withdrawal,I- G-gYir4063FEk1...   T-3JWMXDMGFSIP...,2022-06-11 19:34:50
Deposit,.100000,TMPOOL11,,,,,WLWW...3UFI,Yieldly: Withdrawal,I- G-gYir4063FEk1...   T-3JWMXDMGFSIP...,2022-06-11 19:34:50
Spend,,,0.003,ALGO,,,WLWW...3UFI,Summed Group Network Fees,F-gYir4063FEk14KmaA9ra0InhOQ8MQfgMjRhmAPfcQZ4=,2022-06-11 19:34:50
Trade,2.601579,YLDY,0.05,TMPOOL11,,,WLWW...3UFI,Tinyman: LP Burn,Z+YC2NY7YDORQcdbsYVh9KNX+lEJreF0HLnuSdAt0oQ=,2022-06-11 19:38:12
Trade,.006136,ALGO,0.05,TMPOOL11,,,WLWW...3UFI,Tinyman: LP Burn,Z+YC2NY7YDORQcdbsYVh9KNX+lEJreF0HLnuSdAt0oQ=,2022-06-11 19:38:12
Spend,,,0.005,ALGO,,,WLWW...3UFI,Summed Group Network Fees,F-Z+YC2NY7YDORQcdbsYVh9KNX+lEJreF0HLnuSdAt0oQ=,2022-06-11 19:38:12
Deposit,.026279,YLDY,,,,,WLWW...3UFI,Tinyman: Pooled Slippage,zR3PJr9C9A2n9qJXwYC/wksLCyuKjc/129+kHXYGn0w=,2022-06-11 19:40:18
Spend,,,0.003,ALGO,,,WLWW...3UFI,Summed Group Network Fees,F-zR3PJr9C9A2n9qJXwYC/wksLCyuKjc/129+kHXYGn0w=,2022-06-11 19:40:18
Deposit,.000062,ALGO,,,,,WLWW...3UFI,Tinyman: Pooled Slippage,kwaLRAgyfClSLuSkWFhJYLVN3sC0xqqdD0I61srj0D4=,2022-06-11 19:40:27
Spend,,,0.003,ALGO,,,WLWW...3UFI,Summed Group Network Fees,F-kwaLRAgyfClSLuSkWFhJYLVN3sC0xqqdD0I61srj0D4=,2022-06-11 19:40:27
Staking,.020282,YLDY,,,,,WLWW...3UFI,Yieldly: Rewards,I- G-pqQXNBCmS12L...   T-INH7N7NVXRFC...,2022-06-11 19:41:59
Spend,,,0.003,ALGO,,,WLWW...3UFI,Summed Group Network Fees,F-pqQXNBCmS12LqvcdQGHdgH4gSr6comaBxCOPBwfhoHs=,2022-06-11 19:41:59
Staking,2.02412032,AFD,,,,,WLWW...3UFI,The Algo Faucet,UNAYG4ARALRQ7ECUDUPSSGGAIG3JXXLOUVR5TTKZAFOF7FSDCOWQ,2022-06-12 09:05:37
Spend,,,.001000,ALGO,,,WLWW...3UFI,Network Operation Fees,O4KWARI6PZ26AHBUU3TSS4O3A6IEZBMPYOGAIMZL24QEGV3YRMZA,2022-06-12 09:14:51
Trade,10.000000,ALGF,.152537,ALGO,0.00045761099999999666,ALGO,WLWW...3UFI,Tinyman: Trade,ZzB5XTSJLNgxBTaOz5I1dyYN8pq953wksBbwQEq2kEg=,2022-06-12 09:15:12
Spend,,,0.004,ALGO,,,WLWW...3UFI,Summed Group Network Fees,F-ZzB5XTSJLNgxBTaOz5I1dyYN8pq953wksBbwQEq2kEg=,2022-06-12 09:15:12
Deposit,.001509,ALGO,,,,,WLWW...3UFI,Tinyman: Pooled Slippage,d4XqZASqL4YcHVoW3yPSEG8a0MbCT1fmK0856SEaFEw=,2022-06-12 09:15:34
Spend,,,0.003,ALGO,,,WLWW...3UFI,Summed Group Network Fees,F-d4XqZASqL4YcHVoW3yPSEG8a0MbCT1fmK0856SEaFEw=,2022-06-12 09:15:34
Spend,,,.001000,ALGO,,,WLWW...3UFI,Network Operation Fees,GNTLJPYXCMEQYWT33TQFEM77Z6NSVOJFQE4FEKJRHOSFG6RDG6OQ,2022-06-12 09:16:39
Withdrawal,,,10.000000,ALGF,,,WLWW...3UFI,AlgoFund: Deposit,B1rWxyoLSIJVGMUEbO1ovEgbVCFGlY+uBudjjT4LxZY=,2022-06-12 09:17:31
Deposit,10.000000,ALGF,,,,,AlgoFund,AlgoFund: Deposit,B1rWxyoLSIJVGMUEbO1ovEgbVCFGlY+uBudjjT4LxZY=,2022-06-12 09:17:31
Spend,,,0.002,ALGO,,,WLWW...3UFI,Summed Group Network Fees,F-B1rWxyoLSIJVGMUEbO1ovEgbVCFGlY+uBudjjT4LxZY=,2022-06-12 09:17:31
Withdrawal,,,.010000,ALGF,,,AlgoFund,AlgoFund: Withdrawal,I- G-vpZnh6XZdsC8...   T-UUW3TBRZFZFX...,2022-06-12 09:20:03
Deposit,.010000,ALGF,,,,,WLWW...3UFI,AlgoFund: Withdrawal,I- G-vpZnh6XZdsC8...   T-UUW3TBRZFZFX...,2022-06-12 09:20:03
Spend,,,0.003,ALGO,,,WLWW...3UFI,Summed Group Network Fees,F-vpZnh6XZdsC8hGsoPQGV332e/JhvW1ep+Phosd1PpEk=,2022-06-12 09:20:03
Staking,.001714,ALGF,,,,,WLWW...3UFI,AlgoFund: Rewards,I- G-qoYyISCFfL2R...   T-HLQLREZZ6KHG...,2022-06-12 19:30:27
Spend,,,0.003,ALGO,,,WLWW...3UFI,Summed Group Network Fees,F-qoYyISCFfL2RpQ4KLdQhYUb5YJknPfOjRnKTExWVCSg=,2022-06-12 19:30:27
Spend,,,0.004,ALGO,,,WLWW...3UFI,Summed Group Network Fees,F-hAxftNPWIaBt0vD4XItaeKdEUGj3AVY3UnexSZjpitA=,2022-06-12 19:38:41
Withdrawal,,,3.199000,ALGO,,,WLWW...3UFI,"['AlgoFi', 'Manager App']",ixh7xXKiP7crcybGivM+tTsiEVrLFNT/UTmM1tMd3fE=,2022-06-12 19:39:29
Spend,,,0.002,ALGO,,,WLWW...3UFI,Summed Group Network Fees,F-ixh7xXKiP7crcybGivM+tTsiEVrLFNT/UTmM1tMd3fE=,2022-06-12 19:39:29
Withdrawal,,,5.000000,ALGO,,,WLWW...3UFI,AlgoFi: Mint to Collateral,kQWrt813P0KB8nG67DUcsbYBvHZCNW2XRi4PvtQbjjA=,2022-06-12 19:40:25
Deposit,5.000000,ALGO,,,,,AlgoFi - Collateral,AlgoFi: Mint to Collateral,kQWrt813P0KB8nG67DUcsbYBvHZCNW2XRi4PvtQbjjA=,2022-06-12 19:40:25
Spend,,,0.016000000000000007,ALGO,,,WLWW...3UFI,Summed Group Network Fees,F-kQWrt813P0KB8nG67DUcsbYBvHZCNW2XRi4PvtQbjjA=,2022-06-12 19:40:25
Withdrawal,,,.100000,STBL,,,AlgoFi - Lending,AlgoFi: Borrow,I- G-m6qOMW5lvos/...   T-6HUIMI7WNGKJ...,2022-06-12 19:41:25
Deposit,.100000,STBL,,,,,WLWW...3UFI,AlgoFi: Borrow,I- G-m6qOMW5lvos/...   T-6HUIMI7WNGKJ...,2022-06-12 19:41:25
Spend,,,0.015000000000000006,ALGO,,,WLWW...3UFI,Summed Group Network Fees,F-m6qOMW5lvos/2fBnQvP7bsfrFmmCDTJKmNqofNo9e08=,2022-06-12 19:41:25
Staking,2.02816856,AFD,,,,,WLWW...3UFI,The Algo Faucet,6T47DOAFF37UYLNKJLU6WEAE6RX2JBDCTH6MJDK3QM4PLCGHMWLQ,2022-06-13 09:05:39
Deposit,5.000000,ALGO,,,,,WLWW...3UFI,,ZG2SLY7KHOFPBTNOXNMQBR62XBFH4QIGEQLPKB4ME7FKJDC6YVLQ,2022-06-14 03:17:42
Staking,2.03222489,AFD,,,,,WLWW...3UFI,The Algo Faucet,5K432FYRGKI34ECJUIAWFLHV4G5YMYTDYUN3T5LL5QCUQ5F6D5UQ,2022-06-14 09:05:41
Spend,,,.001000,ALGO,,,WLWW...3UFI,Network Operation Fees,SXRTABQ3IXSB74EJ3V7UPBEBBYX34EXWIGJ7BJEFQL57R7C5K2YQ,2022-06-14 18:13:04
Deposit,.995646,fALGO,,,,,WLWW...3UFI,Folks Finance: Deposit,I- G-j1TqM6P5BojZ...   T-KIFWLM43IT7Q...,2022-06-14 18:13:17
Withdrawal,,,1.000000,ALGO,,,WLWW...3UFI,Folks Finance: Deposit,j1TqM6P5BojZqMGnokenyu7Jlk49rROzMEO3buo6ZqY=,2022-06-14 18:13:17
Deposit,0.995646,ALGO,,,,,Folks Finance,Folks Finance: Deposit,j1TqM6P5BojZqMGnokenyu7Jlk49rROzMEO3buo6ZqY=,2022-06-14 18:13:17
Spend,,,0.003,ALGO,,,WLWW...3UFI,Summed Group Network Fees,F-j1TqM6P5BojZqMGnokenyu7Jlk49rROzMEO3buo6ZqY=,2022-06-14 18:13:17
Spend,,,.001000,ALGO,,,WLWW...3UFI,Network Operation Fees,XAX7MAWLMSNA6KKYOT6MZGLLYYQ75PM23Q5SNEODNT3BOFINIEYQ,2022-06-14 18:14:14
Spend,,,.435500,ALGO,,,WLWW...3UFI,"['Folks Finance', 'ALGO-USDt Market', 'Open Account']",7utZTCBKLFAxgZNAe8vweqiW9FSqteq9dD1Z/1laUzg=,2022-06-14 18:14:27
Spend,,,0.004,ALGO,,,WLWW...3UFI,Summed Group Network Fees,F-7utZTCBKLFAxgZNAe8vweqiW9FSqteq9dD1Z/1laUzg=,2022-06-14 18:14:27
Withdrawal,,,.100000,USDt,,,Folks Finance,Folks Finance: Borrow,I- G-hKNB9wzdmluB...   T-4HMJADAUQOCA...,2022-06-14 18:14:40
Deposit,.100000,USDt,,,,,WLWW...3UFI,Folks Finance: Borrow,I- G-hKNB9wzdmluB...   T-4HMJADAUQOCA...,2022-06-14 18:14:40
Withdrawal,,,.483465,fALGO,,,WLWW...3UFI,Folks Finance: Borrow,hKNB9wzdmluBxSYsTBzZFlG70d0E7zmkAASuPVqR8Lw=,2022-06-14 18:14:40
Deposit,.483465,fALGO,,,,,Folks Finance,Folks Finance: Borrow,hKNB9wzdmluBxSYsTBzZFlG70d0E7zmkAASuPVqR8Lw=,2022-06-14 18:14:40
Spend,,,0.006,ALGO,,,WLWW...3UFI,Summed Group Network Fees,F-hKNB9wzdmluBxSYsTBzZFlG70d0E7zmkAASuPVqR8Lw=,2022-06-14 18:14:40
Withdrawal,,,.100000,fALGO,,,WLWW...3UFI,Folks Finance: Withdrawal,iISKn9xZJfoafT5O3kiYmUzWos+j4Sv/VHgDv0JduwY=,2022-06-14 18:36:27
Withdrawal,,,0.1,ALGO,,,Folks Finance,Folks Finance: Withdrawal,I- G-iISKn9xZJfoa...   T-B4BPT6M44U3X...,2022-06-14 18:36:27
Deposit,.100437,ALGO,,,,,WLWW...3UFI,Folks Finance: Withdrawal,I- G-iISKn9xZJfoa...   T-B4BPT6M44U3X...,2022-06-14 18:36:27
Spend,,,0.003,ALGO,,,WLWW...3UFI,Summed Group Network Fees,F-iISKn9xZJfoafT5O3kiYmUzWos+j4Sv/VHgDv0JduwY=,2022-06-14 18:36:27
Withdrawal,,,.100000,fALGO,.001000,ALGO,WLWW...3UFI,,TYPFKLWTVWNTZ6KACCBHWH4L6KBYV6JHTCLB7CW3REF52QQJ5E7Q,2022-06-14 18:37:24
Spend,,,.001000,ALGO,,,WLWW...3UFI,Network Operation Fees,QX5FGFIGKHKIOEJSW7RZEXU5Y76TWF6ZBUP5LLLGWOHCZ22FKDYA,2022-06-14 18:38:47
Staking,.000001,frUSDt,,,,,WLWW...3UFI,Folks Finance: Rewards,I- G-VsRf3DJ9kiKt...   T-Q4OAUVRL6UID...,2022-06-14 18:39:04
Withdrawal,,,.050000,USDt,,,WLWW...3UFI,Folks Finance: Repay,VsRf3DJ9kiKtKLwle40CKXYjUquLZTE6EJWpu97lUeA=,2022-06-14 18:39:04
Deposit,.050000,USDt,,,,,Folks Finance,Folks Finance: Repay,VsRf3DJ9kiKtKLwle40CKXYjUquLZTE6EJWpu97lUeA=,2022-06-14 18:39:04
Spend,,,0.008,ALGO,,,WLWW...3UFI,Summed Group Network Fees,F-VsRf3DJ9kiKtKLwle40CKXYjUquLZTE6EJWpu97lUeA=,2022-06-14 18:39:04
Trade,.100000,USDt,.332960,ALGO,,,WLWW...3UFI,Pact: Fixed Input,xFBXDFCuE3ijBAVunDEEh/5yehN+4THfX/Q6d7M4TJE=,2022-06-14 18:41:24
Spend,,,0.003,ALGO,,,WLWW...3UFI,Summed Group Network Fees,F-xFBXDFCuE3ijBAVunDEEh/5yehN+4THfX/Q6d7M4TJE=,2022-06-14 18:41:24
Staking,.000001,frUSDt,,,,,WLWW...3UFI,Folks Finance: Rewards,I- G-GbRqSbjFcjme...   T-P6ENBSCVZUKF...,2022-06-14 18:41:54
Withdrawal,,,.000002,USDt,,,Folks Finance,Folks Finance: Repay,I- G-GbRqSbjFcjme...   T-P6ENBSCVZUKF...,2022-06-14 18:41:54
Deposit,.000002,USDt,,,,,WLWW...3UFI,Folks Finance: Repay,I- G-GbRqSbjFcjme...   T-P6ENBSCVZUKF...,2022-06-14 18:41:54
Withdrawal,,,.583465,fALGO,,,Folks Finance,Folks Finance: Repay,I- G-GbRqSbjFcjme...   T-PYK4SUK5OWSN...,2022-06-14 18:41:54
Deposit,.583465,fALGO,,,,,WLWW...3UFI,Folks Finance: Repay,I- G-GbRqSbjFcjme...   T-PYK4SUK5OWSN...,2022-06-14 18:41:54
Withdrawal,,,.050004,USDt,,,WLWW...3UFI,Folks Finance: Repay,GbRqSbjFcjmet01AJ3VO6nFwo4Vu24NQwCSrNR7FToA=,2022-06-14 18:41:54
Deposit,.050004,USDt,,,,,Folks Finance,Folks Finance: Repay,GbRqSbjFcjmet01AJ3VO6nFwo4Vu24NQwCSrNR7FToA=,2022-06-14 18:41:54
Spend,,,0.008,ALGO,,,WLWW...3UFI,Summed Group Network Fees,F-GbRqSbjFcjmet01AJ3VO6nFwo4Vu24NQwCSrNR7FToA=,2022-06-14 18:41:54
Spend,,,.001000,ALGO,,,WLWW...3UFI,Network Operation Fees,W7HSG4DC64R7CKBZ7DZVOUDZLUB2LEIB4E7CYTIGLJYYVVHQDJWQ,2022-06-14 19:42:35
Deposit,.099748,fUSDt,,,,,WLWW...3UFI,Folks Finance: Deposit,I- G-2iqR1j5XSg1Q...   T-U3OVPXRXQFUI...,2022-06-14 19:42:53
Withdrawal,,,.099998,USDt,,,WLWW...3UFI,Folks Finance: Deposit,2iqR1j5XSg1Qj/D8cRsUT98ztkFmecn+76xUdY83FjI=,2022-06-14 19:42:53
Deposit,0.099748,USDt,,,,,Folks Finance,Folks Finance: Deposit,2iqR1j5XSg1Qj/D8cRsUT98ztkFmecn+76xUdY83FjI=,2022-06-14 19:42:53
Spend,,,0.003,ALGO,,,WLWW...3UFI,Summed Group Network Fees,F-2iqR1j5XSg1Qj/D8cRsUT98ztkFmecn+76xUdY83FjI=,2022-06-14 19:42:53
Staking,2.03628934,AFD,,,,,WLWW...3UFI,The Algo Faucet,UESBCHD5VDV4YQIWNG4ULRT47RARIAIUZJH5GPQB33MIDCSMGR7Q,2022-06-15 09:05:39
Staking,.77,STKE,,,,,WLWW...3UFI,AlgoStake,OD3YSPL3ZXZANZZBEQ4Q4EHZFBV3LECRFYXOREFK6LSIZYIHV77A,2022-06-15 10:33:17
Withdrawal,,,.099748,fUSDt,,,WLWW...3UFI,Folks Finance: Withdrawal,x5Jgg86nn7S9eeIfy7cMJ6vRTkaCOlNiU5HhnxPmXEQ=,2022-06-15 18:58:35
Withdrawal,,,0.099748,USDt,,,Folks Finance,Folks Finance: Withdrawal,I- G-x5Jgg86nn7S9...   T-NYN5HFC27PPI...,2022-06-15 18:58:35
Deposit,.100002,USDt,,,,,WLWW...3UFI,Folks Finance: Withdrawal,I- G-x5Jgg86nn7S9...   T-NYN5HFC27PPI...,2022-06-15 18:58:35
Spend,,,0.003,ALGO,,,WLWW...3UFI,Summed Group Network Fees,F-x5Jgg86nn7S9eeIfy7cMJ6vRTkaCOlNiU5HhnxPmXEQ=,2022-06-15 18:58:35
Staking,2.04036192,AFD,,,,,WLWW...3UFI,The Algo Faucet,F3AEJIGYXTIUI6H2JZL2V2RRVZ3KULAJZZOJ4B2TAV67PWGDIDTQ,2022-06-16 09:05:42
Staking,2.04444265,AFD,,,,,WLWW...3UFI,The Algo Faucet,RVYRDOIMA4IYSZMLW3Y2YNO2JW254QWAV5KPYFWJYR6NIECWNS4Q,2022-06-17 09:05:40
Staking,2.04853153,AFD,,,,,WLWW...3UFI,The Algo Faucet,6LHOXYVKMJDPT32J2ADUG2YCU4XILYWZOYHJWURQMIQRZFV2VHCA,2022-06-18 09:05:38
Staking,2.05262859,AFD,,,,,WLWW...3UFI,The Algo Faucet,OJKQYCEQ3TC5UAJZULZ34XLTTOYVMC5OPBBQTPABUT72KEPK35BA,2022-06-19 09:05:38
Withdrawal,,,9.990000,ALGF,,,AlgoFund,AlgoFund: Withdrawal,I- G-TaARZBsVnsU6...   T-6NKRQVDCVY6N...,2022-06-19 15:17:14
Deposit,9.990000,ALGF,,,,,WLWW...3UFI,AlgoFund: Withdrawal,I- G-TaARZBsVnsU6...   T-6NKRQVDCVY6N...,2022-06-19 15:17:14
Spend,,,0.003,ALGO,,,WLWW...3UFI,Summed Group Network Fees,F-TaARZBsVnsU6DtmbGhuCklGdUUvba7Dkrd9V3TGZdDA=,2022-06-19 15:17:14
Staking,.026978,ALGF,,,,,WLWW...3UFI,AlgoFund: Rewards,I- G-nfRK9S3LFMIa...   T-RHKZ5Q5IPKDH...,2022-06-19 15:17:36
Spend,,,0.003,ALGO,,,WLWW...3UFI,Summed Group Network Fees,F-nfRK9S3LFMIaHM12K61byb7ql167OQ3NBzKzujkhD3I=,2022-06-19 15:17:36
Staking,.55,STKE,,,,,WLWW...3UFI,AlgoStake,BS22KXVRCZLXWF6NZ4GUU5XCA2HIYJAKT5BTAZNWTPMM75YYGTFA,2022-06-19 15:18:23
Staking,.338097,YLDY,,,,,WLWW...3UFI,Yieldly: Rewards,I- G-yAdWa6rWRgTh...   T-G525L7JYUUM2...,2022-06-19 15:22:34
Spend,,,0.003,ALGO,,,WLWW...3UFI,Summed Group Network Fees,F-yAdWa6rWRgThah6ZnKa49Dk+pITYyHAh6bchs7QjYHw=,2022-06-19 15:22:34
Staking,.000053,YLDY,,,,,WLWW...3UFI,Yieldly: Rewards,+ch4M/3PylO0tDwk9alG4hFdz5/q9hOQgQ7/XJw25vg=,2022-06-19 15:24:14
Spend,,,0.006,ALGO,,,WLWW...3UFI,Summed Group Network Fees,F-+ch4M/3PylO0tDwk9alG4hFdz5/q9hOQgQ7/XJw25vg=,2022-06-19 15:24:14
Withdrawal,,,2.986290,YLDY,,,WLWW...3UFI,Yieldly: Deposit,+Vd56HwCG/A5QglGoVCx6V55HBuNQGqkrOIAr3WQ7FM=,2022-06-19 15:25:11
Deposit,2.986290,YLDY,,,,,Yieldly,Yieldly: Deposit,+Vd56HwCG/A5QglGoVCx6V55HBuNQGqkrOIAr3WQ7FM=,2022-06-19 15:25:11
Spend,,,0.003,ALGO,,,WLWW...3UFI,Summed Group Network Fees,F-+Vd56HwCG/A5QglGoVCx6V55HBuNQGqkrOIAr3WQ7FM=,2022-06-19 15:25:11
Trade,.00000123,goBTC,.078272,ALGO,,,WLWW...3UFI,Pact: Fixed Input,CvARD13Orm8SqY+2N+OT3+TQX8XeljnoJUkVQU9TUjY=,2022-06-19 18:06:08
Spend,,,0.003,ALGO,,,WLWW...3UFI,Summed Group Network Fees,F-CvARD13Orm8SqY+2N+OT3+TQX8XeljnoJUkVQU9TUjY=,2022-06-19 18:06:08
Withdrawal,,,.00000123,goBTC,,,WLWW...3UFI,AlgoFi: Mint to Collateral,OXH4DD1er9WWWdGATrgfXrRSKuWw9zfK7KJxiQHfDDQ=,2022-06-19 18:06:47
Deposit,.00000123,goBTC,,,,,AlgoFi - Collateral,AlgoFi: Mint to Collateral,OXH4DD1er9WWWdGATrgfXrRSKuWw9zfK7KJxiQHfDDQ=,2022-06-19 18:06:47
Spend,,,0.016000000000000007,ALGO,,,WLWW...3UFI,Summed Group Network Fees,F-OXH4DD1er9WWWdGATrgfXrRSKuWw9zfK7KJxiQHfDDQ=,2022-06-19 18:06:47
Staking,2.05673385,AFD,,,,,WLWW...3UFI,The Algo Faucet,WA5UCNWUYMFSBQMBGBGHDTL2DWXUMSZYQX4A42YDXYOH5E6WMPGA,2022-06-20 09:05:37
Staking,2.06084732,AFD,,,,,WLWW...3UFI,The Algo Faucet,LFWM7WIFAP5PWY6YLENUJ3ETOD7ZJRGHIJLGYHEERQPQBXPNQYIQ,2022-06-21 09:05:39
Staking,2.06496901,AFD,,,,,WLWW...3UFI,The Algo Faucet,PUTGT6GGKV4S5VVL7FX5B2HU4JDZECUIOMGK7SZYZFALHPN3MDCA,2022-06-22 09:05:38
Staking,2.06909895,AFD,,,,,WLWW...3UFI,The Algo Faucet,DKFKERAIVY7YYO77ADP4LVUFU3PMFYXFSYKZT36WJZEYEZT6ZN6Q,2022-06-23 09:05:41
Staking,2.07323715,AFD,,,,,WLWW...3UFI,The Algo Faucet,GGGHZEOTCJEHDUGBGU5NXNZTQCHQ6RQJGOGQBI4XVPF2XSEKOIFA,2022-06-24 09:05:41
Staking,.260848,YLDY,,,,,WLWW...3UFI,Yieldly: Rewards,I- G-wRincV4iAP9u...   T-K2ZLSMLJGWSM...,2022-06-25 07:14:32
Withdrawal,,,1.390858,TMPOOL11,,,Yieldly,Yieldly: Rewards,I- G-wRincV4iAP9u...   T-K2ZLSMLJGWSM...,2022-06-25 07:14:32
Deposit,1.390858,TMPOOL11,,,,,WLWW...3UFI,Yieldly: Rewards,I- G-wRincV4iAP9u...   T-K2ZLSMLJGWSM...,2022-06-25 07:14:32
Spend,,,0.004,ALGO,,,WLWW...3UFI,Summed Group Network Fees,F-wRincV4iAP9u3nSjdQaOIA8RoiufikUhwSsIjYneCYk=,2022-06-25 07:14:32
Withdrawal,,,3.008869,YLDY,,,Yieldly,Yieldly: Withdrawal,OdFamt7gWifRardUBVGeV/d91fjokfey/4FuBPc1niw=,2022-06-25 07:15:25
Deposit,3.008869,YLDY,,,,,WLWW...3UFI,Yieldly: Withdrawal,OdFamt7gWifRardUBVGeV/d91fjokfey/4FuBPc1niw=,2022-06-25 07:15:25
Spend,,,0.004,ALGO,,,WLWW...3UFI,Summed Group Network Fees,F-OdFamt7gWifRardUBVGeV/d91fjokfey/4FuBPc1niw=,2022-06-25 07:15:25
Staking,.004053,YLDY,,,,,WLWW...3UFI,Yieldly: Rewards,x92xilV41VMHwtXaF9jN+eQE6gNEiRgxc1IelKOxnGM=,2022-06-25 07:15:42
Spend,,,0.006,ALGO,,,WLWW...3UFI,Summed Group Network Fees,F-x92xilV41VMHwtXaF9jN+eQE6gNEiRgxc1IelKOxnGM=,2022-06-25 07:15:42
Trade,39.806888,YLDY,0.695429,TMPOOL11,,,WLWW...3UFI,Tinyman: LP Burn,UO4+9aPaQlPVKtaD8SieiAzyO5Xge+f0sLtZnNBoDuU=,2022-06-25 07:16:57
Trade,.078140,ALGO,0.695429,TMPOOL11,,,WLWW...3UFI,Tinyman: LP Burn,UO4+9aPaQlPVKtaD8SieiAzyO5Xge+f0sLtZnNBoDuU=,2022-06-25 07:16:57
Spend,,,0.005,ALGO,,,WLWW...3UFI,Summed Group Network Fees,F-UO4+9aPaQlPVKtaD8SieiAzyO5Xge+f0sLtZnNBoDuU=,2022-06-25 07:16:57
Trade,.083470,ALGO,43.080658,YLDY,0.0002511634904713983,ALGO,WLWW...3UFI,Tinyman: Trade,8AONPLVgK2PC9PU1RDtuFgD1kPJEv6q80N2+NV6+46I=,2022-06-25 07:17:50
Spend,,,0.004,ALGO,,,WLWW...3UFI,Summed Group Network Fees,F-8AONPLVgK2PC9PU1RDtuFgD1kPJEv6q80N2+NV6+46I=,2022-06-25 07:17:50
Trade,.279178,ALGO,.100002,USDt,0.0008400541624874469,ALGO,WLWW...3UFI,Tinyman: Trade,wjdHJgvADR37yHgB7aF6QvUS0I+pAyf9elvKxGrNLTY=,2022-06-25 07:18:33
Spend,,,0.004,ALGO,,,WLWW...3UFI,Summed Group Network Fees,F-wjdHJgvADR37yHgB7aF6QvUS0I+pAyf9elvKxGrNLTY=,2022-06-25 07:18:33
Trade,.910487,ALGO,80.000000,ALGX,0.0027396800401203736,ALGO,WLWW...3UFI,Tinyman: Trade,rTsN9R/mPdCwezMxTJPKHCL7uhfaaLL3G4Luhs5uWcU=,2022-06-25 07:19:26
Spend,,,0.004,ALGO,,,WLWW...3UFI,Summed Group Network Fees,F-rTsN9R/mPdCwezMxTJPKHCL7uhfaaLL3G4Luhs5uWcU=,2022-06-25 07:19:26
Staking,.55,STKE,,,,,WLWW...3UFI,AlgoStake,MGXIF33Q7FQMYKVYSOP4NA2I3SARHK6KKA5NPSDFGY2CBM5SFOCQ,2022-06-25 07:20:14
Trade,1.091581,ALGO,102.09,STKE,0.003284596790370964,ALGO,WLWW...3UFI,Tinyman: Trade,h/BakuHdCRYeQWndNKyhL5s4YZtR8VQFz/ML8w7rKi8=,2022-06-25 07:20:53
Spend,,,0.004,ALGO,,,WLWW...3UFI,Summed Group Network Fees,F-h/BakuHdCRYeQWndNKyhL5s4YZtR8VQFz/ML8w7rKi8=,2022-06-25 07:20:53
Trade,1.685823,ALGO,1038.69181431,AFD,0.005072687061183467,ALGO,WLWW...3UFI,Tinyman: Trade,ZzaBQHnCQArEjdeebaue5isWrFUQhYrygp2U8vojN4I=,2022-06-25 07:21:37
Spend,,,0.004,ALGO,,,WLWW...3UFI,Summed Group Network Fees,F-ZzaBQHnCQArEjdeebaue5isWrFUQhYrygp2U8vojN4I=,2022-06-25 07:21:37
Spend,,,.001000,ALGO,,,WLWW...3UFI,Network Operation Fees,DRBADCQJHC7VTMK2OIL5PZEX6T7YQU76NAXWMM7567LDKEB7HWLA,2022-06-25 07:23:57
Spend,,,.001000,ALGO,,,WLWW...3UFI,Network Operation Fees,GK2PSCNSKSYJZNNABUCKEA5DNIHYJUET2SK4ACRAOG3PJHNSXBJA,2022-06-25 07:23:57
Withdrawal,,,.895646,fALGO,,,WLWW...3UFI,Folks Finance: Withdrawal,3c8LBA/TWDjIrMI01HfIchPmYOBshtW8M6BsYc3IvV4=,2022-06-25 07:24:50
Withdrawal,,,0.895646,ALGO,,,Folks Finance,Folks Finance: Withdrawal,I- G-3c8LBA/TWDjI...   T-7BAL55GYK7CY...,2022-06-25 07:24:50
Deposit,.900072,ALGO,,,,,WLWW...3UFI,Folks Finance: Withdrawal,I- G-3c8LBA/TWDjI...   T-7BAL55GYK7CY...,2022-06-25 07:24:50
Spend,,,0.003,ALGO,,,WLWW...3UFI,Summed Group Network Fees,F-3c8LBA/TWDjIrMI01HfIchPmYOBshtW8M6BsYc3IvV4=,2022-06-25 07:24:50
Staking,.000001,ALGO,,,,,WLWW...3UFI,Folks Finance: Rewards,I- G-aPOltq9iyvlk...   T-2RPNZDDPAKVX...,2022-06-25 07:25:16
Spend,,,.000002,frUSDt,,,WLWW...3UFI,Folks Finance: Rewards,aPOltq9iyvlkBwJRHt4MYc35L0T6IKkY9Vte94H4idk=,2022-06-25 07:25:16
Spend,,,0.003,ALGO,,,WLWW...3UFI,Summed Group Network Fees,F-aPOltq9iyvlkBwJRHt4MYc35L0T6IKkY9Vte94H4idk=,2022-06-25 07:25:16
Spend,,,.001000,ALGO,,,WLWW...3UFI,Network Operation Fees,T5WRJ22IDYWOLDJYLFGRD7CIASLXKPWUIMWKKZYAXLO33WLFEYHA,2022-06-25 07:25:34
Spend,,,.001000,ALGO,,,WLWW...3UFI,Network Operation Fees,G4AK3NISRSZA5MNMD3FCVSXJJ64VKT3QLZS5X3TMAEDVMGLTTYHA,2022-06-25 07:25:38
Spend,,,.001000,ALGO,,,WLWW...3UFI,Network Operation Fees,KA5A7ZH4AEO3TPCOQQBLEMCN4FSIWEWYIMMES36YFRXNHVEBXZWA,2022-06-25 07:25:38
Spend,,,.001000,ALGO,,,WLWW...3UFI,Network Operation Fees,NE55LIHO4BS36RUKPML33OCSIPHWB7SJADAW6BZOSE5B3AXK3YTQ,2022-06-25 07:25:42
Spend,,,.001000,ALGO,,,WLWW...3UFI,Network Operation Fees,3MTZ4NIOK6CTAFQXRRPRYETDIGVXH4JTF2YSRMG7EDHKQTVKF5UA,2022-06-25 07:25:47
Spend,,,.001000,ALGO,,,WLWW...3UFI,Network Operation Fees,RXCUWRCN4XYVOTTJ7HF7LGD5H5A3FXD6RTOGPO6PYCRADQGLMNXQ,2022-06-25 07:25:47
Spend,,,.001000,ALGO,,,WLWW...3UFI,Network Operation Fees,A5LZV7NPGCXN6IC4Q3A7LKNEHYXSOR54KK5VN6OSJNB6YXUMEPHQ,2022-06-25 07:25:55
Spend,,,.001000,ALGO,,,WLWW...3UFI,Network Operation Fees,CLX7HPBIZAAS2KWFKGYWJLUFLKJKMM3IO7WF4ST2QXFGTAJYEF4Q,2022-06-25 07:25:55
Spend,,,.001000,ALGO,,,WLWW...3UFI,Network Operation Fees,5OXAADJIZN7D6NHO72ZM6PJ5OPIB6W7XM3XEOSSDGA6FLQBF6D7Q,2022-06-25 07:26:00
Spend,,,.001000,ALGO,,,WLWW...3UFI,Network Operation Fees,JDJSN7PUU43465VBY6OAY2QOWDJUTJQS727DLA46BPSL5H6WTBBQ,2022-06-25 07:26:00
Spend,,,.001000,ALGO,,,WLWW...3UFI,Network Operation Fees,7XQAXUG4CL5LHPUHLUGDSNUOMSDQXC42OXHNSYFO2NFKW4ZHAV7A,2022-06-25 07:26:04
Trade,.136954,ALGO,10.028692,ALGF,0.0004120982948846441,ALGO,WLWW...3UFI,Tinyman: Trade,INaJ7kWFXoNiWEzNkVkzKHfMi9oQTPAfZQPuKmM4ADo=,2022-06-25 07:28:51
Spend,,,0.004,ALGO,,,WLWW...3UFI,Summed Group Network Fees,F-INaJ7kWFXoNiWEzNkVkzKHfMi9oQTPAfZQPuKmM4ADo=,2022-06-25 07:28:51
Deposit,.010958,ALGO,,,,,WLWW...3UFI,Tinyman: Pooled Slippage,L3YUK/wV4TvcMSGv/obxaIJpikTw8sig88rWMz6EF4o=,2022-06-25 07:29:21
Spend,,,0.003,ALGO,,,WLWW...3UFI,Summed Group Network Fees,F-L3YUK/wV4TvcMSGv/obxaIJpikTw8sig88rWMz6EF4o=,2022-06-25 07:29:21
Deposit,.001633,ALGO,,,,,WLWW...3UFI,Tinyman: Pooled Slippage,6ciVYo6YyBFAMBn9IjdfwDm2bFUrP638yHL2ML8KYsc=,2022-06-25 07:29:21
Spend,,,0.003,ALGO,,,WLWW...3UFI,Summed Group Network Fees,F-6ciVYo6YyBFAMBn9IjdfwDm2bFUrP638yHL2ML8KYsc=,2022-06-25 07:29:21
Deposit,.017028,ALGO,,,,,WLWW...3UFI,Tinyman: Pooled Slippage,DdQRgoCABW6DBblRaUIhaXPVPO0kiDNw378oonm92OA=,2022-06-25 07:29:21
Spend,,,0.003,ALGO,,,WLWW...3UFI,Summed Group Network Fees,F-DdQRgoCABW6DBblRaUIhaXPVPO0kiDNw378oonm92OA=,2022-06-25 07:29:21
Deposit,.009196,ALGO,,,,,WLWW...3UFI,Tinyman: Pooled Slippage,cYD3ZM+prhbJVtRiHmFoiq3erF7bwLrP7z3vcKwfISo=,2022-06-25 07:29:21
Spend,,,0.003,ALGO,,,WLWW...3UFI,Summed Group Network Fees,F-cYD3ZM+prhbJVtRiHmFoiq3erF7bwLrP7z3vcKwfISo=,2022-06-25 07:29:21
Deposit,.002819,ALGO,,,,,WLWW...3UFI,Tinyman: Pooled Slippage,EOUCA3B+pHWzpDZuZjMSxx7OhwzR1vZsos5RaZlQLFI=,2022-06-25 07:29:21
Spend,,,0.003,ALGO,,,WLWW...3UFI,Summed Group Network Fees,F-EOUCA3B+pHWzpDZuZjMSxx7OhwzR1vZsos5RaZlQLFI=,2022-06-25 07:29:21
Deposit,.001383,ALGO,,,,,WLWW...3UFI,Tinyman: Pooled Slippage,l3LKI3t5zvfpOlHPomJ5YArdB5Iwd15uKjpOqTryPqc=,2022-06-25 07:29:21
Spend,,,0.003,ALGO,,,WLWW...3UFI,Summed Group Network Fees,F-l3LKI3t5zvfpOlHPomJ5YArdB5Iwd15uKjpOqTryPqc=,2022-06-25 07:29:21
Spend,,,.001000,ALGO,,,WLWW...3UFI,Network Operation Fees,5ZM5TT4RFBGJLXBYDHKHUMPQXGY4RQSZ6L2VS2N2A7TX6YNDBMTQ,2022-06-25 07:29:47
Deposit,.402090,YLDY,,,,,WLWW...3UFI,Tinyman: Pooled Slippage,iQAHkcmS0C+cjAAd6BdfxFk+D5BUiIPhjbcQ7KyCRdM=,2022-06-25 07:30:05
Spend,,,0.003,ALGO,,,WLWW...3UFI,Summed Group Network Fees,F-iQAHkcmS0C+cjAAd6BdfxFk+D5BUiIPhjbcQ7KyCRdM=,2022-06-25 07:30:05
Trade,.000780,ALGO,.402090,YLDY,2.3470411233701e-06,ALGO,WLWW...3UFI,Tinyman: Trade,4JCajOmfqnEpO7Cs+pVdWGBiI1dwieMXrtq2vglluoc=,2022-06-25 07:30:31
Spend,,,0.004,ALGO,,,WLWW...3UFI,Summed Group Network Fees,F-4JCajOmfqnEpO7Cs+pVdWGBiI1dwieMXrtq2vglluoc=,2022-06-25 07:30:31
Deposit,.000007,ALGO,,,,,WLWW...3UFI,Tinyman: Pooled Slippage,1Y3j8zBh2Hr9XZr60HpZV1dqzVF7UDsrc2AGP1HmtoI=,2022-06-25 07:30:48
Spend,,,0.003,ALGO,,,WLWW...3UFI,Summed Group Network Fees,F-1Y3j8zBh2Hr9XZr60HpZV1dqzVF7UDsrc2AGP1HmtoI=,2022-06-25 07:30:48
Withdrawal,,,4.630000,ALGO,,,AlgoFi - Collateral,AlgoFi: Remove Collateral Underlying,I- G-w0uq6O1RaN0B...   T-344P5MOXFNPA...,2022-06-25 07:32:16
Deposit,4.630000,ALGO,,,,,WLWW...3UFI,AlgoFi: Remove Collateral Underlying,I- G-w0uq6O1RaN0B...   T-344P5MOXFNPA...,2022-06-25 07:32:16
Spend,,,0.015000000000000006,ALGO,,,WLWW...3UFI,Summed Group Network Fees,F-w0uq6O1RaN0B36VlFvMySKrKq02pz6jHNKhd8/o0dpw=,2022-06-25 07:32:16
